sector,n_jobs,web
Banca,119,https://www.pagepersonnel.es/
Comercial,432,https://www.pagepersonnel.es/
Digital & eCommerce,50,https://www.pagepersonnel.es/
Educacion,10,https://www.pagepersonnel.es/
Healthcare,122,https://www.pagepersonnel.es/
Marketing,82,https://www.pagepersonnel.es/
Recursos Humanos,94,https://www.pagepersonnel.es/
Seguros,2066,https://www.pagepersonnel.es/
Banca,26,https://www.michaelpage.es/
Comercial,308,https://www.michaelpage.es/
Digital & eCommerce,39,https://www.michaelpage.es/
Educacion,10,https://www.michaelpage.es/
Healthcare,91,https://www.michaelpage.es/
Marketing,84,https://www.michaelpage.es/
Recursos Humanos,63,https://www.michaelpage.es/
Seguros,41,https://www.michaelpage.es/
